-- MySQL dump 10.13  Distrib 5.5.59, for Linux (x86_64)
--
-- Host: localhost    Database: pada
-- ------------------------------------------------------
-- Server version	5.5.59

/*!40101 SET @OLD_CHARACTER_SET_CLIENT=@@CHARACTER_SET_CLIENT */;
/*!40101 SET @OLD_CHARACTER_SET_RESULTS=@@CHARACTER_SET_RESULTS */;
/*!40101 SET @OLD_COLLATION_CONNECTION=@@COLLATION_CONNECTION */;
/*!40101 SET NAMES utf8 */;
/*!40103 SET @OLD_TIME_ZONE=@@TIME_ZONE */;
/*!40103 SET TIME_ZONE='+00:00' */;
/*!40014 SET @OLD_UNIQUE_CHECKS=@@UNIQUE_CHECKS, UNIQUE_CHECKS=0 */;
/*!40014 SET @OLD_FOREIGN_KEY_CHECKS=@@FOREIGN_KEY_CHECKS, FOREIGN_KEY_CHECKS=0 */;
/*!40101 SET @OLD_SQL_MODE=@@SQL_MODE, SQL_MODE='NO_AUTO_VALUE_ON_ZERO' */;
/*!40111 SET @OLD_SQL_NOTES=@@SQL_NOTES, SQL_NOTES=0 */;

--
-- Table structure for table `Client`
--

DROP TABLE IF EXISTS `Client`;
/*!40101 SET @saved_cs_client     = @@character_set_client */;
/*!40101 SET character_set_client = utf8 */;
CREATE TABLE `Client` (
  `id` int(11) NOT NULL AUTO_INCREMENT,
  `address` varchar(255) DEFAULT NULL,
  `cellphone` varchar(255) DEFAULT NULL,
  `firstName` varchar(255) DEFAULT NULL,
  `lastName` varchar(255) DEFAULT NULL,
  `telephone` varchar(255) DEFAULT NULL,
  `deleted` bit(1) DEFAULT NULL,
  PRIMARY KEY (`id`)
) ENGINE=InnoDB AUTO_INCREMENT=138 DEFAULT CHARSET=latin1;
/*!40101 SET character_set_client = @saved_cs_client */;

--
-- Dumping data for table `Client`
--

LOCK TABLES `Client` WRITE;
/*!40000 ALTER TABLE `Client` DISABLE KEYS */;
INSERT INTO `Client` VALUES (2,'','','Nacho','','',NULL),(3,'','','Sonia','','',NULL),(4,'Lebensohn 114','','Yani','','',NULL),(5,'','','Florencia','Gomez','',NULL),(6,'','','Silvia','Amor','',NULL),(7,'','','Lucrecia','Defederico','',NULL),(8,'','','Maira','Rodriguez','',NULL),(9,'','','Abuela','Matilde','',NULL),(10,'','1161722724','Natalia','','',NULL),(11,'Kaos eventos','11-5795-5171','Maru','Palavecino','',NULL),(12,'','','Laura','Vasquez','',NULL),(13,'','1136079660','Laura','Gomez','',NULL),(14,'','','Brenda','Almacen','',NULL),(15,'','','Gladys','Zacarias','42247034',NULL),(16,'','','Roma','','',NULL),(17,'','','Ricardo','George','',NULL),(18,'','','Myrna','','',NULL),(19,'','','Melanie','Garbi','',NULL),(20,'marconi 4094 esquina craviotto','','Sebastian','Del Regno','',NULL),(21,'castelli 157 AVELLANEDA','1160207414','Andrea','(amiga norma)','',NULL),(22,'','','Ine','','',NULL),(23,'','','Fabi','Jalil','6698-0302',NULL),(24,'','','Viviana','Cabrera','',NULL),(25,'','','Silvana','Catelani','',NULL),(26,'','','lucas','lando','',NULL),(27,'','','Connie','Flores','',NULL),(28,'','','Carlos','Valenzuela','',NULL),(29,'','','Leo','Ramirez','',NULL),(30,'','','Estefi','Achilli','',NULL),(31,'','','Mariana','Mendez','',NULL),(32,'','','Ceci','','',NULL),(33,'','','Sofia','','',NULL),(34,'','','Patricia','Ponce','',NULL),(35,'','','Paola','valenzuela','',NULL),(36,'','','Adriana','Benitez','',NULL),(37,'rivadavia 157 14 A','','Lucas','Liporace','',NULL),(38,'','','Raúl','Acuña','',NULL),(39,'','','Oriana','Cosso','',NULL),(40,'','','Mariel','Escobar','',NULL),(41,'','','Emi','','',NULL),(43,'','','AlSolo','','',NULL),(44,'','','Jesica','Moreno','',NULL),(45,'','','Priscila','Grimaldi','',NULL),(46,'','','Abuela','de maqui','',NULL),(47,'','','Matilde','Yoga','',NULL),(48,'','','Belu','bacha','',NULL),(49,'','','Miguel','OLX','',NULL),(50,'','','Julian','Cavassa','',NULL),(51,'','','Karen','Jacquet','',NULL),(52,'','','Giselle','Ortiz','',NULL),(53,'','','Claudia','Britos','',NULL),(54,'','','Doña Chila','','',NULL),(55,'','','Roxana','','',NULL),(56,'','','Ileana','Izpisua','',NULL),(57,'','','Katy','Galdamez','',NULL),(58,'','','Valoy','Valenzuela','',NULL),(59,'','','Silvina','Ybañez','',NULL),(60,'','','Soledad','','',NULL),(61,'','','Lara','Re','',NULL),(62,'','','Sebastian','Joel','',NULL),(63,'','','Melina','Zonis','',NULL),(64,'','','Estefi','Pinchetti','',NULL),(65,'','','Micaela','Pepe','',NULL),(66,'','','laura','sanabria','',NULL),(67,'','','Claudia','Gimenez','',NULL),(68,'','','Nancy','Cisneros','',NULL),(69,'','','Rosita','Ferrando','',NULL),(70,'','','Leyla','Valenzuela','',NULL),(71,'','','Macarena','Melgarejo','',NULL),(72,'','','Graciela','Ocanto','',NULL),(73,'','','Liliana','Benitez','',NULL),(74,'','','Yesica','Fernandez','',NULL),(75,'','','Sandra','Arevalo','',NULL),(76,'','','Pilar','Mansilla','',NULL),(77,'','','Melina','Pompilio','',NULL),(78,'','','Javier','Zacarias','',NULL),(79,'','','Carlitos','','',NULL),(80,'','','Marina','Cerillano','',NULL),(81,'','1131228143','Nancy','Schubere','',NULL),(82,'','','Macu','Vega','',NULL),(83,'','','Vanesa','Pancheri','',NULL),(84,'','','Feria','','',NULL),(85,'','','Mariela','Leocatta','',NULL),(86,'','','Vane','Rojas','',NULL),(87,'','','undefined','','',''),(88,'','','Sergio','Kloster','',NULL),(89,'','','Rosi','','',NULL),(90,'la rioja 495','1162995354','Brenda','Jeromin','',NULL),(91,'','','Rosario','Rothamel','',NULL),(92,'','','Esteban','Rondi','',NULL),(93,'','','Noemi','Klonal','',NULL),(94,'','','Patricia','Compa Roma','',NULL),(95,'','','Zulma','Klonal','',NULL),(96,'','','Silvana','Klonal','',NULL),(97,'','','Noeli','Zapulla','',NULL),(98,'','','Macarena','Maciel','',NULL),(99,'','','Maria Jose','Coronel','',NULL),(100,'','','Johana','Klonal','',NULL),(101,'','','Silvia','Ayelen','',NULL),(102,'','','Vilma','Ailu','',NULL),(103,'','','Karina polvos','Klonal','',NULL),(104,'','','Carina','Bocanera','',NULL),(105,'','','Erika','Vazquez','',NULL),(106,'','','Mariana','Klonal','',NULL),(107,'','','Nacha','Basket','',NULL),(108,'','','Sandra','Basket','',NULL),(109,'','','Mirna','','',NULL),(110,'','','Gisela','Compa roma','',NULL),(111,'','','Luis','Valence','',NULL),(112,'','','cliente','prueba','',''),(113,'a','a','undefined','a','a',''),(114,'','','Micaela','Nuñez','','\0'),(115,'','','Ruben','Klonal','','\0'),(116,'','','Solange','Klonal','','\0'),(117,'','','Sabrina','Klonal','','\0'),(118,'','','Laura','Klonal','','\0'),(119,'','','Rosana','Klonal','','\0'),(120,'','','Sonia','Klonal','','\0'),(121,'','','Mariela','Klonal','','\0'),(122,'','','Dani','Brandoni','','\0'),(123,'','','Eugenia','Conejero','','\0'),(124,'','','Lucas','Iervasi','','\0'),(125,'','','Cecilia','Landi','','\0'),(126,'','','Ann','Fische','','\0'),(127,'','','Melina','Muller','','\0'),(128,'','','Nora','Lema','','\0'),(129,'','','Leandro','Gimenez (Almacen)','','\0'),(130,'','','Seba','Sanchez','','\0'),(131,'','','Mariano','Lopez','','\0'),(132,'','','Ivana','Cesarsky','','\0'),(133,'','','Patio de Sanchez','Interlunio','','\0'),(134,'','','Julieta','Nievas','','\0'),(135,'','','Enzo','','','\0'),(136,'','','Marian','Pagani','','\0'),(137,'','','Flor','Mansilla','','\0');
/*!40000 ALTER TABLE `Client` ENABLE KEYS */;
UNLOCK TABLES;

--
-- Table structure for table `Ingredient`
--

DROP TABLE IF EXISTS `Ingredient`;
/*!40101 SET @saved_cs_client     = @@character_set_client */;
/*!40101 SET character_set_client = utf8 */;
CREATE TABLE `Ingredient` (
  `id` int(11) NOT NULL AUTO_INCREMENT,
  `brand` varchar(255) DEFAULT NULL,
  `name` varchar(255) DEFAULT NULL,
  `price` double DEFAULT NULL,
  `quantity` double DEFAULT NULL,
  `unit` int(11) DEFAULT NULL,
  PRIMARY KEY (`id`),
  UNIQUE KEY `name` (`name`)
) ENGINE=InnoDB DEFAULT CHARSET=latin1;
/*!40101 SET character_set_client = @saved_cs_client */;

--
-- Dumping data for table `Ingredient`
--

LOCK TABLES `Ingredient` WRITE;
/*!40000 ALTER TABLE `Ingredient` DISABLE KEYS */;
/*!40000 ALTER TABLE `Ingredient` ENABLE KEYS */;
UNLOCK TABLES;

--
-- Table structure for table `Product`
--

DROP TABLE IF EXISTS `Product`;
/*!40101 SET @saved_cs_client     = @@character_set_client */;
/*!40101 SET character_set_client = utf8 */;
CREATE TABLE `Product` (
  `id` int(11) NOT NULL AUTO_INCREMENT,
  `name` varchar(255) DEFAULT NULL,
  `price` double DEFAULT NULL,
  `quantity` double DEFAULT NULL,
  `unit` int(11) DEFAULT NULL,
  `deleted` bit(1) DEFAULT NULL,
  PRIMARY KEY (`id`)
) ENGINE=InnoDB AUTO_INCREMENT=65 DEFAULT CHARSET=latin1;
/*!40101 SET character_set_client = @saved_cs_client */;

--
-- Dumping data for table `Product`
--

LOCK TABLES `Product` WRITE;
/*!40000 ALTER TABLE `Product` DISABLE KEYS */;
INSERT INTO `Product` VALUES (1,'Lemon pie',350,1,0,NULL),(2,'Brownies',300,NULL,NULL,NULL),(3,'Muffins',150,10,NULL,NULL),(4,'Muffins c/ Chips',160,10,NULL,NULL),(5,'Cookies con chips',50,250,8,NULL),(6,'Cupcakes',250,10,NULL,NULL),(7,'cupcakes personalizados',300,10,NULL,NULL),(8,'Torta Rogel',300,1,NULL,NULL),(9,'Alfajores marplatences',300,1,5,NULL),(10,'Mamuls',150,6,NULL,NULL),(11,'Torta Hungara',200,1,NULL,NULL),(12,'Chipacitos',50,250,8,NULL),(13,'Pepas',45,250,8,NULL),(14,'Cheescake',450,1,NULL,NULL),(15,'Pasta frola',200,1,NULL,NULL),(16,'Tarta Bahiana',250,1,NULL,NULL),(17,'Tarta banana Split',250,1,NULL,NULL),(18,'Masas Finas',100,500,8,NULL),(19,'Torta personalizada',350,1,5,NULL),(20,'Bombas (eclairs)',150,1,5,NULL),(21,'Empanadas Arabes',250,12,0,NULL),(22,'Banquete Arabe p/ persona',400,1,NULL,''),(23,'Selva Negra',400,1,NULL,NULL),(24,'Budin carrot',200,1,NULL,NULL),(25,'Torta de ricota',300,1,NULL,NULL),(26,'Pasticciotto',200,12,0,NULL),(27,'Tarta de frutillas',300,1,NULL,NULL),(28,'Marquisse',500,1,NULL,NULL),(29,'Havannets o conitos',150,12,0,NULL),(30,'Tarta Havannet',250,1,NULL,NULL),(31,'Red velvet cake',400,1,NULL,NULL),(32,'Red velvet cupcakes',200,10,0,NULL),(33,'Torta Aconcagua',450,1,NULL,NULL),(34,'Rosca de pascua/ Reyes PROMO',180,1,0,NULL),(35,'Pizza party',1,1,0,NULL),(36,'Canasta del dia de las madres',500,1,NULL,NULL),(37,'Masas secas',50,250,8,NULL),(38,'Carrot cake',300,1,NULL,NULL),(39,'Torta Hamburgues',300,1,0,NULL),(40,'Budín hambugués',200,1,0,NULL),(41,'Budín comun',175,1,NULL,NULL),(42,'Pan dulce 1/2 kg',170,1,NULL,NULL),(43,'Pan dulce 1KG',320,1,NULL,NULL),(44,'Pan dulce 100 gr',170,5,NULL,NULL),(45,'Promo Pan dulce reservado',150,1,NULL,NULL),(46,'Hombre de jengibre',100,4,0,NULL),(47,'Rosca rellena PROMO',200,1,0,NULL),(48,'Desayuno-Eco',250,1,0,NULL),(49,'Alquiler horno',500,1,0,NULL),(50,'Minicake',55,1,0,NULL),(51,'Medallones saborizados',100,12,0,NULL),(52,'Choconuez',250,1,0,NULL),(53,'Figazzas',50,1,5,NULL),(54,'Cookies personalizadas',270,12,0,NULL),(55,'Cookies personalizadas',150,6,0,NULL),(56,'Muffins decorados',400,12,0,NULL),(57,'Macarrons',150,6,0,NULL),(58,'Rosca simple',230,1,0,'\0'),(59,'Rosca rellena',250,1,0,'\0'),(60,'Prepizzas',15,1,0,'\0'),(61,'lunch',1,1,0,'\0'),(62,'Chocotorta',500,1,0,'\0'),(63,'Pan Hokkaido',100,1,0,'\0'),(64,'Prepizza completa',40,1,0,'\0');
/*!40000 ALTER TABLE `Product` ENABLE KEYS */;
UNLOCK TABLES;

--
-- Table structure for table `Purchase`
--

DROP TABLE IF EXISTS `Purchase`;
/*!40101 SET @saved_cs_client     = @@character_set_client */;
/*!40101 SET character_set_client = utf8 */;
CREATE TABLE `Purchase` (
  `id` int(11) NOT NULL AUTO_INCREMENT,
  `date` datetime DEFAULT NULL,
  `price` double DEFAULT NULL,
  `store_id` int(11) DEFAULT NULL,
  `deleted` bit(1) DEFAULT NULL,
  PRIMARY KEY (`id`),
  KEY `FK6BC36921BD667019` (`store_id`),
  CONSTRAINT `FK6BC36921BD667019` FOREIGN KEY (`store_id`) REFERENCES `Store` (`id`)
) ENGINE=InnoDB AUTO_INCREMENT=113 DEFAULT CHARSET=latin1;
/*!40101 SET character_set_client = @saved_cs_client */;

--
-- Dumping data for table `Purchase`
--

LOCK TABLES `Purchase` WRITE;
/*!40000 ALTER TABLE `Purchase` DISABLE KEYS */;
INSERT INTO `Purchase` VALUES (1,'2016-09-15 03:00:00',660.139,3,NULL),(2,'2016-09-21 03:00:00',569.71,1,NULL),(3,'2016-09-22 03:00:00',70,5,NULL),(4,'2016-09-24 03:00:00',5,6,NULL),(5,'2016-10-04 03:00:00',77.89,8,NULL),(6,'2016-10-07 03:00:00',132,4,NULL),(7,'2016-10-07 03:00:00',90,5,NULL),(8,'2016-10-08 03:00:00',15,6,NULL),(9,'2016-10-08 03:00:00',22,4,NULL),(10,'2016-10-12 03:00:00',399,11,NULL),(11,'2016-10-12 03:00:00',1047.55,3,NULL),(12,'2016-10-12 03:00:00',100,12,NULL),(13,'2016-10-14 03:00:00',510,2,NULL),(14,'2016-10-14 03:00:00',62.5,4,NULL),(15,'2016-10-15 03:00:00',107.18,8,NULL),(16,'2016-10-15 03:00:00',170,13,NULL),(17,'2016-10-18 03:00:00',446.78,8,NULL),(18,'2016-10-19 03:00:00',550,14,NULL),(19,'2016-10-19 03:00:00',798.15,3,NULL),(20,'2016-10-20 03:00:00',155,5,NULL),(21,'2016-10-20 03:00:00',15,6,NULL),(22,'2016-10-27 03:00:00',52,6,NULL),(23,'2016-10-27 03:00:00',49,4,NULL),(24,'2016-11-01 03:00:00',147,11,NULL),(25,'2016-11-02 03:00:00',1703.84,1,NULL),(26,'2016-11-01 03:00:00',235,15,NULL),(27,'2016-11-02 03:00:00',319.13,1,NULL),(28,'2016-11-02 03:00:00',228,2,NULL),(29,'2016-11-02 03:00:00',15,6,NULL),(30,'2016-11-07 03:00:00',27,6,NULL),(31,'2016-11-12 03:00:00',252.35,8,NULL),(32,'2016-11-16 03:00:00',378.24,3,NULL),(33,'2016-11-17 03:00:00',100,5,NULL),(34,'2016-11-17 03:00:00',55,8,NULL),(35,'2016-11-29 03:00:00',193.78,16,NULL),(36,'2016-11-30 03:00:00',325,2,NULL),(37,'2016-12-07 03:00:00',80,3,NULL),(38,'2016-11-30 03:00:00',1700,17,NULL),(39,'2016-12-14 03:00:00',1205,3,NULL),(40,'2016-12-14 03:00:00',133,8,NULL),(41,'2016-12-14 03:00:00',47.2,4,NULL),(42,'2016-12-14 03:00:00',25,6,NULL),(43,'2016-12-15 03:00:00',100,5,NULL),(44,'2016-12-27 03:00:00',39,2,NULL),(45,'2016-12-27 03:00:00',100,5,NULL),(46,'2016-12-28 03:00:00',1190,3,NULL),(47,'2017-01-25 03:00:00',1689,18,NULL),(48,'2017-01-28 03:00:00',55,5,NULL),(49,'2017-01-30 03:00:00',610,3,NULL),(50,'2017-01-25 03:00:00',32,19,NULL),(51,'2017-01-30 03:00:00',36,19,NULL),(52,'2017-03-22 03:00:00',890.21,3,NULL),(53,'2017-03-22 03:00:00',402,8,NULL),(54,'2017-03-22 03:00:00',100,5,NULL),(55,'2017-03-22 03:00:00',160,4,NULL),(56,'2017-04-12 03:00:00',84,2,NULL),(57,'2017-04-12 03:00:00',140,5,NULL),(58,'2017-04-12 03:00:00',360,3,NULL),(59,'2017-04-12 03:00:00',50,8,NULL),(60,'2017-04-12 03:00:00',240,13,NULL),(61,'2017-05-03 03:00:00',159,11,NULL),(62,'2017-05-17 03:00:00',14.5,4,NULL),(63,'2017-05-17 03:00:00',82,6,NULL),(64,'2017-05-17 03:00:00',37,16,NULL),(65,'2017-05-24 03:00:00',130,1,NULL),(66,'2017-06-28 03:00:00',1280,3,NULL),(67,'2017-06-28 03:00:00',65,5,NULL),(68,'2017-06-28 03:00:00',102.71,4,NULL),(69,'2017-07-28 03:00:00',156,1,NULL),(70,'2017-08-02 03:00:00',55,5,NULL),(71,'2017-08-17 03:00:00',498.94,3,NULL),(72,'2017-08-23 03:00:00',65,5,NULL),(73,'2017-08-23 03:00:00',326,3,NULL),(74,'2017-08-23 03:00:00',150,3,NULL),(75,'2017-09-06 03:00:00',200,20,NULL),(76,'2017-09-13 03:00:00',110,5,NULL),(77,'2017-09-13 03:00:00',1170,3,NULL),(78,'2017-09-13 03:00:00',25,6,NULL),(79,'2017-09-13 03:00:00',175,8,NULL),(80,'2017-09-20 03:00:00',200,16,NULL),(81,'2017-09-20 03:00:00',143,6,NULL),(82,'2017-09-23 03:00:00',444,3,NULL),(83,'2017-10-04 03:00:00',692,3,NULL),(84,'2017-10-11 03:00:00',125,5,NULL),(85,'2017-10-11 03:00:00',255,1,NULL),(86,'2017-10-13 03:00:00',83,19,NULL),(87,'2017-10-13 03:00:00',20,19,NULL),(88,'2017-10-19 03:00:00',550,21,NULL),(89,'2017-10-25 03:00:00',600,3,NULL),(90,'2017-11-17 03:00:00',74,1,NULL),(91,'2017-11-01 03:00:00',150,20,NULL),(92,'2017-11-25 03:00:00',2108.86,3,NULL),(93,'2017-12-01 03:00:00',207,6,NULL),(94,'2017-12-01 03:00:00',473.23,16,NULL),(95,'2018-02-16 03:00:00',138,19,'\0'),(96,'2018-02-17 03:00:00',439.56,8,'\0'),(97,'2018-02-17 03:00:00',130,1,'\0'),(98,'2018-04-16 03:00:00',168,5,'\0'),(99,'2018-04-18 03:00:00',779.43,3,'\0'),(100,'2018-04-18 03:00:00',415,2,'\0'),(101,'2018-04-19 03:00:00',67,10,'\0'),(102,'2018-04-20 03:00:00',119,1,'\0'),(103,'2018-04-20 03:00:00',20,6,'\0'),(104,'2018-04-30 03:00:00',140,18,'\0'),(105,'2018-04-30 03:00:00',158,1,'\0'),(106,'2018-04-30 03:00:00',325,3,'\0'),(107,'2018-04-30 03:00:00',78,10,'\0'),(108,'2018-05-05 03:00:00',250,5,'\0'),(109,'2018-05-05 03:00:00',579,3,'\0'),(110,'2018-05-05 03:00:00',357,8,'\0'),(111,'2018-05-08 03:00:00',1024,2,'\0'),(112,'2018-05-09 03:00:00',435,3,'\0');
/*!40000 ALTER TABLE `Purchase` ENABLE KEYS */;
UNLOCK TABLES;

--
-- Table structure for table `Sale`
--

DROP TABLE IF EXISTS `Sale`;
/*!40101 SET @saved_cs_client     = @@character_set_client */;
/*!40101 SET character_set_client = utf8 */;
CREATE TABLE `Sale` (
  `id` int(11) NOT NULL AUTO_INCREMENT,
  `date` datetime DEFAULT NULL,
  `price` double DEFAULT NULL,
  `state` int(11) DEFAULT NULL,
  `client_id` int(11) DEFAULT NULL,
  `comment` varchar(255) DEFAULT NULL,
  `deleted` bit(1) DEFAULT NULL,
  PRIMARY KEY (`id`),
  KEY `FK273467FD49E3BB` (`client_id`),
  CONSTRAINT `FK273467FD49E3BB` FOREIGN KEY (`client_id`) REFERENCES `Client` (`id`)
) ENGINE=InnoDB AUTO_INCREMENT=276 DEFAULT CHARSET=latin1;
/*!40101 SET character_set_client = @saved_cs_client */;

--
-- Dumping data for table `Sale`
--

LOCK TABLES `Sale` WRITE;
/*!40000 ALTER TABLE `Sale` DISABLE KEYS */;
INSERT INTO `Sale` VALUES (2,'2016-08-23 17:00:00',450,3,2,NULL,NULL),(3,'2016-09-16 22:00:00',240,3,3,NULL,NULL),(4,'2016-09-16 23:00:00',200,3,5,NULL,NULL),(5,'2016-10-29 16:00:00',1150,3,4,NULL,NULL),(6,'2016-09-25 20:00:00',150,3,6,NULL,NULL),(7,'2016-09-26 20:00:00',150,3,7,NULL,NULL),(8,'2016-09-24 20:00:00',390,3,8,NULL,NULL),(9,'2016-09-22 20:00:00',240,3,9,NULL,NULL),(10,'2016-10-19 22:00:00',500,3,12,NULL,NULL),(11,'2016-10-08 20:00:00',200,3,13,NULL,NULL),(12,'2016-10-09 13:00:00',100,3,14,NULL,NULL),(13,'2016-10-15 13:00:00',360,3,15,NULL,NULL),(14,'2016-10-08 00:00:00',300,3,16,NULL,NULL),(15,'2016-10-15 13:00:00',150,3,17,NULL,NULL),(16,'2016-10-15 15:00:00',200,3,18,NULL,NULL),(17,'2016-10-15 20:00:00',500,3,19,NULL,NULL),(18,'2016-10-15 13:00:00',500,3,20,NULL,NULL),(19,'2016-10-26 20:00:00',2200,3,21,NULL,NULL),(20,'2016-12-04 16:00:00',3680,3,11,NULL,NULL),(21,'2016-10-16 15:00:00',500,3,22,NULL,NULL),(22,'2016-10-15 21:00:00',500,3,23,NULL,NULL),(23,'2016-10-19 20:00:00',275,3,24,NULL,NULL),(24,'2016-10-19 20:00:00',200,3,23,NULL,NULL),(25,'2016-10-21 13:00:00',500,3,9,NULL,NULL),(26,'2016-10-22 13:00:00',200,3,4,NULL,NULL),(27,'2016-11-07 20:00:00',3200,3,21,NULL,NULL),(28,'2016-11-04 14:00:00',250,3,18,NULL,NULL),(29,'2016-11-02 21:00:00',150,3,6,NULL,NULL),(30,'2016-11-25 20:00:00',1560,3,10,NULL,NULL),(31,'2016-11-05 20:00:00',650,3,25,NULL,NULL),(33,'2016-11-13 20:00:00',250,3,26,NULL,NULL),(34,'2016-11-15 20:00:00',300,3,27,NULL,NULL),(35,'2016-11-22 17:00:00',150,3,28,NULL,NULL),(36,'2016-11-22 17:00:00',150,3,29,NULL,NULL),(37,'2016-12-05 20:00:00',150,3,6,NULL,NULL),(39,'2016-12-16 20:00:00',300,3,31,NULL,NULL),(40,'2016-12-02 20:00:00',150,3,32,NULL,NULL),(41,'2016-12-09 20:00:00',300,3,28,NULL,NULL),(42,'2016-12-07 18:00:00',250,3,30,NULL,NULL),(43,'2016-12-20 18:00:00',350,3,27,NULL,NULL),(44,'2016-12-06 20:00:00',150,3,33,NULL,NULL),(45,'2016-12-08 20:00:00',350,3,9,NULL,NULL),(46,'2016-12-12 20:00:00',170,3,27,NULL,NULL),(47,'2016-12-10 20:00:00',150,3,34,NULL,NULL),(48,'2016-12-10 20:00:00',170,3,35,NULL,NULL),(49,'2016-12-19 20:00:00',150,3,6,NULL,NULL),(50,'2016-12-19 20:00:00',350,3,7,NULL,NULL),(51,'2016-12-24 20:00:00',250,3,18,NULL,NULL),(53,'2016-12-17 18:00:00',200,3,37,NULL,NULL),(54,'2016-12-21 20:00:00',250,3,38,NULL,NULL),(55,'2016-12-16 20:00:00',150,3,39,NULL,NULL),(56,'2016-12-18 18:00:00',500,3,18,NULL,NULL),(57,'2016-12-23 12:00:00',250,3,40,NULL,NULL),(58,'2016-12-19 20:00:00',170,3,41,NULL,NULL),(60,'2016-12-17 20:00:00',50,3,43,NULL,NULL),(61,'2016-12-21 20:00:00',170,3,45,NULL,NULL),(62,'2016-12-22 20:00:00',150,3,44,NULL,NULL),(63,'2016-12-23 20:00:00',350,3,46,NULL,NULL),(64,'2016-12-22 20:00:00',450,3,47,NULL,NULL),(65,'2016-12-22 20:00:00',350,3,48,NULL,NULL),(67,'2016-12-23 20:00:00',450,3,49,NULL,NULL),(68,'2016-12-23 20:00:00',250,3,50,NULL,NULL),(69,'2016-12-23 20:00:00',150,3,51,NULL,NULL),(70,'2016-12-28 20:00:00',150,3,52,NULL,NULL),(71,'2016-12-28 20:00:00',300,3,53,NULL,NULL),(72,'2016-12-28 20:00:00',150,3,54,NULL,NULL),(73,'2016-12-28 20:00:00',150,3,55,NULL,NULL),(74,'2016-12-28 20:00:00',300,3,27,NULL,NULL),(75,'2016-12-28 20:00:00',150,3,38,NULL,NULL),(77,'2016-12-28 20:00:00',150,3,9,NULL,NULL),(78,'2016-12-29 20:00:00',250,3,18,NULL,NULL),(79,'2016-12-30 20:00:00',300,3,49,NULL,NULL),(80,'2016-12-29 20:00:00',300,3,47,NULL,NULL),(81,'2016-12-30 20:00:00',250,3,56,NULL,NULL),(82,'2016-12-30 20:00:00',150,3,57,NULL,NULL),(83,'2016-12-31 20:00:00',150,3,58,NULL,NULL),(84,'2017-01-06 20:00:00',180,3,57,NULL,NULL),(85,'2017-01-07 20:00:00',180,3,60,NULL,NULL),(86,'2017-01-07 20:00:00',180,3,55,NULL,NULL),(87,'2017-01-07 20:00:00',180,3,9,NULL,NULL),(88,'2017-01-31 12:00:00',1280,3,61,NULL,NULL),(89,'2017-01-13 20:00:00',150,3,62,NULL,NULL),(90,'2017-02-03 21:30:00',300,3,63,NULL,NULL),(91,'2017-03-23 20:00:00',180,3,59,NULL,NULL),(92,'2017-04-16 20:00:00',180,3,64,NULL,NULL),(93,'2017-04-16 20:00:00',200,3,65,NULL,NULL),(94,'2017-04-16 20:00:00',200,3,23,NULL,NULL),(95,'2017-04-16 20:00:00',180,3,66,NULL,NULL),(96,'2017-04-09 13:00:00',200,3,37,NULL,NULL),(99,'2017-04-14 20:00:00',360,3,68,NULL,NULL),(100,'2017-03-31 23:00:00',380,3,69,NULL,NULL),(101,'2017-04-13 20:00:00',200,3,55,NULL,NULL),(102,'2017-03-31 20:00:00',200,3,9,NULL,NULL),(103,'2017-03-31 20:00:00',180,3,70,NULL,NULL),(104,'2017-04-02 20:00:00',200,3,71,NULL,NULL),(105,'2017-04-17 20:00:00',180,3,39,NULL,NULL),(106,'2017-04-15 12:00:00',200,3,52,NULL,NULL),(107,'2017-04-15 20:00:00',200,3,72,NULL,NULL),(108,'2017-04-13 20:00:00',360,3,73,NULL,NULL),(109,'2017-04-11 19:00:00',200,3,59,NULL,NULL),(110,'2017-04-08 20:00:00',180,3,74,NULL,NULL),(111,'2017-04-15 20:00:00',180,3,60,NULL,NULL),(112,'2017-04-15 20:00:00',400,3,75,NULL,NULL),(113,'2017-04-15 20:00:00',180,3,76,NULL,NULL),(114,'2017-04-15 18:00:00',400,3,77,NULL,NULL),(115,'2017-04-15 13:00:00',360,3,47,NULL,NULL),(116,'2017-04-14 20:00:00',200,3,78,NULL,NULL),(118,'2017-04-15 20:00:00',200,3,65,NULL,NULL),(119,'2017-05-05 20:00:00',250,3,33,NULL,NULL),(120,'2017-05-13 13:00:00',500,3,79,NULL,NULL),(121,'2017-05-27 17:00:00',680,3,81,NULL,NULL),(122,'2017-05-17 20:00:00',230,3,71,NULL,NULL),(123,'2017-05-27 20:00:00',350,3,14,NULL,NULL),(124,'2017-05-24 20:00:00',55,3,23,NULL,NULL),(126,'2017-06-30 20:00:00',700.0000000000001,3,36,NULL,NULL),(127,'2017-07-20 19:00:00',150,3,9,NULL,NULL),(128,'2017-07-20 19:00:00',100,3,55,NULL,NULL),(129,'2017-07-20 20:00:00',100,3,61,NULL,NULL),(130,'2017-07-21 20:00:00',100,3,26,NULL,NULL),(131,'2017-08-01 20:00:00',640,3,23,NULL,NULL),(132,'2017-07-30 20:00:00',640,3,18,NULL,NULL),(133,'2017-08-02 20:00:00',200,3,82,NULL,NULL),(134,'2017-08-06 20:00:00',520,3,9,NULL,NULL),(135,'2017-08-04 20:00:00',400,3,45,NULL,NULL),(136,'2017-08-18 20:00:00',320,3,38,NULL,NULL),(138,'2017-10-18 20:00:00',480,3,23,NULL,NULL),(140,'2017-09-24 20:00:00',200,3,60,NULL,NULL),(141,'2017-09-24 20:00:00',250,3,83,NULL,NULL),(142,'2017-10-14 20:00:00',1100,3,15,NULL,NULL),(143,'2017-09-24 20:00:00',320,3,25,NULL,NULL),(144,'2017-09-24 20:00:00',3310,3,84,NULL,NULL),(145,'2017-09-25 20:00:00',90,3,14,NULL,NULL),(146,'2017-10-06 20:00:00',100,3,85,NULL,NULL),(147,'2017-10-19 20:00:00',600,3,12,NULL,NULL),(148,'2017-10-14 15:00:00',500,3,33,NULL,NULL),(149,'2017-10-20 22:00:00',820,3,86,NULL,NULL),(150,'2017-11-18 20:00:00',170,3,59,NULL,NULL),(151,'2017-12-01 20:00:00',250,3,40,NULL,NULL),(152,'2017-12-24 20:00:00',320,3,64,NULL,NULL),(153,'2017-12-02 20:00:00',3465,3,84,NULL,NULL),(154,'2017-12-03 20:00:00',150,3,88,NULL,NULL),(155,'2017-12-03 20:00:00',150,3,89,NULL,NULL),(156,'2017-12-22 20:00:00',450,3,90,NULL,NULL),(157,'2017-12-22 20:00:00',300,3,91,NULL,NULL),(159,'2017-12-22 20:00:00',150,3,93,NULL,NULL),(161,'2017-12-22 20:00:00',150,3,92,NULL,NULL),(163,'2017-12-24 20:00:00',150,3,33,NULL,NULL),(165,'2017-12-24 20:00:00',300,3,85,NULL,NULL),(166,'2017-12-21 20:00:00',320,3,94,NULL,NULL),(167,'2017-12-18 20:00:00',300,3,95,NULL,NULL),(168,'2017-12-18 20:00:00',150,3,96,NULL,NULL),(169,'2017-12-20 20:00:00',150,3,97,NULL,NULL),(170,'2017-12-20 20:00:00',150,3,98,NULL,NULL),(171,'2017-12-21 20:00:00',150,3,99,NULL,NULL),(172,'2017-12-19 20:00:00',150,3,100,NULL,NULL),(173,'2017-12-17 20:00:00',320,3,14,NULL,NULL),(174,'2017-12-21 20:00:00',420.00000000500006,3,40,NULL,NULL),(175,'2017-12-24 20:00:00',340,3,101,NULL,NULL),(176,'2017-12-24 20:00:00',320,3,102,NULL,NULL),(177,'2017-12-22 20:00:00',320,3,83,NULL,NULL),(178,'2017-12-22 20:00:00',490,3,103,NULL,NULL),(179,'2017-12-22 20:00:00',170,3,104,NULL,NULL),(180,'2017-12-24 20:00:00',170,3,105,NULL,NULL),(181,'2017-12-24 20:00:00',170,3,106,NULL,NULL),(182,'2017-12-18 20:00:00',170,3,107,NULL,NULL),(183,'2017-12-17 20:00:00',150,3,9,NULL,NULL),(184,'2017-12-24 20:00:00',510,3,47,NULL,NULL),(185,'2017-12-24 20:00:00',170,3,108,NULL,NULL),(186,'2017-12-24 20:00:00',170,3,109,NULL,NULL),(188,'2017-12-22 20:00:00',340,3,110,NULL,NULL),(189,'2017-12-22 20:00:00',170,3,99,NULL,NULL),(192,'2017-12-23 20:00:00',340,3,32,NULL,NULL),(193,'2017-12-23 20:00:00',170,3,47,NULL,NULL),(201,'2017-12-30 20:00:00',650,3,17,'frutilla',NULL),(202,'2017-12-30 20:00:00',100,3,111,NULL,NULL),(203,'2018-01-12 20:15:00',130,0,112,'asd',''),(204,'2018-02-18 20:00:00',750,3,90,NULL,'\0'),(205,'2018-02-17 20:00:00',620,0,12,NULL,''),(206,'2018-02-17 20:00:00',620,0,12,NULL,''),(207,'2018-03-10 20:00:00',2400,3,26,'marquisse de ddl','\0'),(208,'2018-03-29 19:00:00',380,3,59,'rellena pastelera\ncomun pastelera + cerezas nada mas','\0'),(209,'2018-03-21 20:00:00',200,3,65,'Pastelera','\0'),(210,'2018-03-31 20:00:00',200,3,65,'Pastelera\narriba frutos secos solo sin cereza','\0'),(211,'2018-04-01 20:00:00',200,3,37,'frutos secos + pastelera','\0'),(212,'2018-03-31 20:00:00',180,3,9,'clasica','\0'),(213,'2018-03-31 20:00:00',360,3,83,'1 con higo\notra frutos seco y cerezas','\0'),(214,'2018-03-31 20:00:00',200,3,114,'pastelera\nFrutos secos y choco','\0'),(215,'2018-03-31 20:00:00',180,3,60,'clásica','\0'),(216,'2018-03-31 20:00:00',200,3,64,'Pastelera','\0'),(217,'2018-03-30 20:00:00',380,3,2,'Frutos secos y cerezas \nDulce de leche rellena','\0'),(218,'2018-03-29 20:00:00',200,3,24,'pastelera + cerezas y chocolate','\0'),(219,'2018-03-28 20:00:00',200,0,95,'Secos y Rellena con choco',''),(220,'2018-03-29 20:00:00',200,3,115,'Secos y pastelera','\0'),(221,'2018-03-29 20:00:00',180,3,116,'Secos','\0'),(222,'2018-03-29 20:00:00',200,3,117,'Secos y ddl','\0'),(223,'2018-03-29 20:00:00',200,3,93,'Secos y pastelera','\0'),(224,'2018-03-28 20:00:00',380,3,118,'Secos y pastelera','\0'),(225,'2018-03-29 20:00:00',180,0,121,'Secos y pastelera de choco',''),(226,'2018-03-29 20:00:00',180,3,122,'Secos','\0'),(227,'2018-03-29 20:00:00',200,0,119,'Secos y pastelera',''),(228,'2018-03-29 20:00:00',200,3,119,'Secos y pastelera','\0'),(229,'2018-03-29 20:00:00',180,3,120,'Secos y pastelera','\0'),(230,'2018-03-31 19:00:00',200,3,59,'relleno choco','\0'),(231,'2018-03-29 20:00:00',460,3,123,'clasica','\0'),(232,'2018-03-31 20:00:00',200,3,124,'chocolate + chocolate','\0'),(233,'2018-03-31 20:00:00',230,3,125,'frutos secos','\0'),(234,'2018-04-07 20:00:00',900,0,125,'citron et berries + marquise de frutos rojos',''),(235,'2018-03-29 18:00:00',230,3,105,'Frutos secos','\0'),(236,'2018-03-29 20:00:00',230,3,68,'Solo cereza','\0'),(237,'2018-03-30 20:00:00',230,3,126,'Cerezas higos y chocolate','\0'),(238,'2018-03-29 20:00:00',460,3,127,'Frutos secos','\0'),(239,'2018-03-29 20:00:00',230,3,73,NULL,'\0'),(240,'2018-03-30 20:00:00',230,3,128,NULL,'\0'),(241,'2018-04-14 20:00:00',100,3,41,'choco con chips de choco','\0'),(242,'2018-04-14 20:00:00',150,3,9,NULL,'\0'),(243,'2018-04-19 20:00:00',120,3,129,NULL,'\0'),(244,'2018-04-22 19:00:00',2300,3,128,'- 20 empanaditas de jamón y queso, 20  de queso y cebolla, 20 capresse, 30  tortafritas, 15 pastelitos de membrillo, 15 de batata, 20 cuadraditos de frola de batata, 20 de membrillo, 30 masitas secas (scones de naranja o limon)\ndejó $1000 de seña','\0'),(245,'2018-04-20 20:00:00',600,3,130,'budin chocolatoso + Bonobon + deco bonobon\nseña 200','\0'),(246,'2018-04-27 20:00:00',350,3,90,'chocochips y narnaja amapola','\0'),(247,'2018-04-29 20:00:00',100,3,65,NULL,'\0'),(248,'2018-04-29 20:00:00',100,3,65,'','\0'),(249,'2018-04-30 20:00:00',500,3,26,NULL,'\0'),(250,'2018-05-03 19:00:00',120,3,131,NULL,'\0'),(251,'2018-05-05 19:00:00',250,3,59,'con nueces','\0'),(252,'2018-05-04 20:00:00',100,3,132,NULL,'\0'),(253,'2018-05-05 19:00:00',300,3,9,NULL,'\0'),(254,'2018-05-05 20:00:00',800,3,133,NULL,'\0'),(255,'2018-05-12 20:00:00',600,3,55,'25 personas','\0'),(256,'2018-05-27 20:00:00',320,0,14,'50 figazzas',''),(257,'2018-05-11 20:00:00',600,3,129,NULL,'\0'),(258,'2018-05-08 20:00:00',100,3,134,NULL,'\0'),(259,'2018-05-08 20:00:00',200,3,126,'','\0'),(260,'2018-05-08 20:00:00',70,3,64,'','\0'),(261,'2018-05-12 20:00:00',50,0,135,NULL,''),(262,'2018-05-08 20:00:00',100,3,136,NULL,'\0'),(263,'2018-05-10 20:00:00',50,3,23,'4 tomate 1 de cebolla\n\nPAGADAS','\0'),(264,'2018-05-10 20:00:00',50,3,129,NULL,'\0'),(265,'2018-05-11 22:00:00',120,3,37,'son 10 pero paga llevarselas por $20 mas','\0'),(266,'2018-05-16 20:00:00',200,3,137,NULL,'\0'),(267,'2018-05-11 20:00:00',50,3,9,NULL,'\0'),(268,'2018-05-13 20:00:00',200,3,124,NULL,'\0'),(269,'2018-05-16 20:00:00',50,3,23,NULL,'\0'),(270,'2018-05-19 21:00:00',900,3,133,'25 prepizzas + 5kg de muzza','\0'),(271,'2018-05-20 20:00:00',80,3,124,NULL,'\0'),(272,'2018-05-20 20:00:00',400,0,35,'lemon 200\nricota 200\nbudines 120*2\n------------- 600\npagó 200 --- resta 400','\0'),(273,'2018-05-27 20:00:00',280,0,14,'50 figazzas tamaño 8','\0'),(274,'2018-05-24 20:00:00',750,0,133,'20 prepizzas + 4kg muzza','\0'),(275,'2018-05-26 20:00:00',200,0,26,'Membrillo','\0');
/*!40000 ALTER TABLE `Sale` ENABLE KEYS */;
UNLOCK TABLES;

--
-- Table structure for table `SaleProduct`
--

DROP TABLE IF EXISTS `SaleProduct`;
/*!40101 SET @saved_cs_client     = @@character_set_client */;
/*!40101 SET character_set_client = utf8 */;
CREATE TABLE `SaleProduct` (
  `id` int(11) NOT NULL AUTO_INCREMENT,
  `quantity` int(11) DEFAULT NULL,
  `product_id` int(11) DEFAULT NULL,
  PRIMARY KEY (`id`),
  KEY `FKAF75BE888CF6C999` (`product_id`),
  CONSTRAINT `FKAF75BE888CF6C999` FOREIGN KEY (`product_id`) REFERENCES `Product` (`id`)
) ENGINE=InnoDB AUTO_INCREMENT=446 DEFAULT CHARSET=latin1;
/*!40101 SET character_set_client = @saved_cs_client */;

--
-- Dumping data for table `SaleProduct`
--

LOCK TABLES `SaleProduct` WRITE;
/*!40000 ALTER TABLE `SaleProduct` DISABLE KEYS */;
INSERT INTO `SaleProduct` VALUES (1,2,1),(2,1,14),(3,1,34),(4,1,19),(5,1,27),(6,1,1),(7,1,23),(8,1,27),(9,1,28),(10,1,11),(11,1,11),(12,1,14),(13,1,12),(14,2,5),(15,1,24),(16,1,14),(17,1,12),(18,1,12),(19,1,14),(20,1,25),(21,1,14),(22,1,25),(23,1,1),(24,1,11),(25,2,6),(26,1,14),(27,2,10),(28,1,24),(29,1,25),(30,1,36),(31,1,36),(32,1650,35),(33,3680,35),(34,1,36),(35,1,36),(36,1,15),(37,2,18),(38,1,32),(39,1,1),(40,1,33),(41,1650,35),(42,1,1),(43,1650,35),(44,1650,35),(45,2200,35),(46,3170,35),(47,1,39),(48,1,11),(49,3,19),(50,1,23),(51,1,14),(52,3,19),(53,3,6),(54,3,7),(55,4,19),(56,3170,35),(57,3200,35),(58,2,42),(59,2,42),(60,1,43),(61,2,42),(62,1,42),(63,1,42),(64,1,42),(65,1,43),(66,2,42),(67,1,42),(68,2,42),(69,1,43),(70,2,42),(71,1,42),(72,1,45),(73,1,44),(74,2,42),(75,1,42),(76,2,42),(77,1,44),(78,1,11),(79,1,14),(80,1,14),(81,1,43),(82,1,45),(83,1,46),(84,1,46),(85,2,46),(86,1,43),(87,1,42),(88,1,45),(89,2,19),(90,1,43),(91,1,44),(94,1,10),(95,1,44),(96,1,42),(97,1,45),(98,2,42),(99,1,45),(100,1,43),(101,1,43),(102,1,19),(103,1,43),(104,1,33),(106,2,42),(107,1,43),(108,1,42),(109,1,42),(110,1,43),(111,2,42),(112,3,42),(113,3,42),(115,1,42),(116,1,42),(117,2,42),(118,1,42),(120,1,42),(121,1,43),(122,2,42),(123,2,42),(124,1,43),(125,1,42),(126,1,41),(127,1,42),(128,1,34),(129,1,34),(130,1,34),(131,1,34),(132,4,19),(133,1,42),(134,4,19),(135,1,1),(136,4,19),(137,1,34),(138,1,34),(139,1,47),(140,1,47),(141,1,34),(142,1,47),(143,1,47),(144,1,34),(146,2,34),(147,1,34),(148,1,47),(149,1,47),(150,1,47),(151,1,34),(152,1,47),(153,1,34),(154,1,47),(155,1,47),(156,1,34),(157,1,47),(158,1,34),(159,1,47),(160,1,34),(161,2,34),(162,1,34),(163,2,47),(164,1,34),(165,1,47),(166,1,47),(168,2,34),(169,1,47),(171,1,47),(172,2,47),(173,1,48),(174,1,49),(175,1,30),(176,2,16),(177,1,21),(178,1,30),(179,2,16),(180,1,1),(181,1,30),(182,1,1),(183,1,16),(184,1,14),(185,1,50),(187,3,19),(188,1,51),(189,1,51),(190,1,51),(191,2,19),(192,1,51),(193,1,51),(194,2,19),(195,2,19),(196,1,52),(197,1,16),(198,1,19),(199,200,53),(200,1,19),(201,8,53),(202,1,19),(206,1,19),(208,1,21),(209,1,25),(210,222,7),(211,222,7),(212,2,7),(213,1,19),(214,3310,35),(215,90,35),(216,1,51),(217,1,25),(218,2,7),(219,2,14),(220,1,25),(221,1,19),(222,1,19),(223,1,25),(224,1,14),(225,1,54),(226,1,55),(227,1,56),(228,1,4),(229,1,54),(230,1,19),(231,1,2),(232,2,57),(233,1,43),(234,1,57),(235,3465,35),(236,1,41),(237,1,41),(238,3,42),(239,2,42),(240,1,42),(241,1,42),(242,1,42),(243,1,42),(244,1,42),(245,1,42),(246,1,42),(247,1,45),(249,1,21),(250,1,43),(251,2,42),(252,1,42),(253,1,42),(254,1,42),(255,1,42),(256,1,42),(257,2,45),(258,1,45),(259,1,45),(260,1,45),(261,1,45),(262,1,45),(263,3,45),(264,2,45),(265,1,45),(267,1,45),(268,1,45),(270,1,43),(271,1,42),(272,1,57),(273,2,42),(274,1,43),(275,1,43),(276,1,43),(277,1,42),(278,2,42),(279,1,42),(280,1,42),(281,1,42),(282,1,42),(283,1,45),(284,3,42),(285,1,42),(286,1,42),(287,1,21),(289,2,44),(290,1,42),(293,1,43),(294,2,42),(295,1,42),(297,1,42),(298,1,42),(301,1,45),(307,1,14),(308,1,1),(309,1,14),(310,1,1),(311,1,51),(312,1,3),(313,1,1),(314,1,14),(315,1,25),(316,1,28),(317,1,1),(318,1,19),(319,1,1),(320,1,19),(321,1,1),(322,1,14),(323,20,35),(324,1,28),(325,20,35),(326,1,28),(327,2400,35),(328,2,47),(329,1,47),(330,1,47),(331,1,47),(332,2,47),(333,1,34),(334,1,34),(335,2,34),(336,2,34),(337,1,47),(338,1,34),(339,1,47),(340,1,34),(341,1,47),(342,1,47),(343,1,47),(344,1,47),(345,1,47),(346,1,34),(347,1,47),(348,1,47),(349,1,47),(350,1,34),(351,1,34),(352,1,34),(353,1,47),(354,1,47),(355,4,34),(356,1,47),(357,1,34),(358,1,34),(359,1,47),(360,1,47),(361,1,34),(362,1,58),(363,1,47),(364,1,58),(365,1,47),(366,2,28),(367,1,58),(368,1,58),(369,1,58),(370,1,47),(371,2,58),(372,1,58),(373,1,58),(374,1,58),(375,1,58),(376,1,4),(377,1,20),(378,1,18),(379,12,60),(380,12,60),(381,2000,61),(383,2000,61),(384,1,19),(388,2000,61),(389,1,19),(390,1,19),(391,2000,61),(392,3,37),(393,2000,61),(394,6,37),(395,2,41),(396,2,12),(397,2,12),(398,1,12),(399,1,12),(400,1,1),(401,1,4),(402,1,63),(403,1,2),(404,1,12),(405,2,12),(406,1,2),(407,1,12),(408,1,2),(409,2,12),(410,20,64),(411,1,31),(412,8,64),(413,15,64),(414,8,64),(415,2,12),(416,4,12),(417,1,12),(418,1,12),(419,2,12),(420,5,60),(421,5,60),(422,10,60),(423,2,60),(424,10,60),(425,2,60),(426,5,60),(427,10,60),(428,5,60),(429,1,2),(430,1,2),(431,1,9),(432,1,31),(433,5,60),(434,1,2),(435,10,60),(436,10,60),(437,25,64),(438,60,60),(439,60,60),(440,1,12),(441,400,61),(442,12,60),(443,2,53),(444,50,60),(445,1,15);
/*!40000 ALTER TABLE `SaleProduct` ENABLE KEYS */;
UNLOCK TABLES;

--
-- Table structure for table `Sale_SaleProduct`
--

DROP TABLE IF EXISTS `Sale_SaleProduct`;
/*!40101 SET @saved_cs_client     = @@character_set_client */;
/*!40101 SET character_set_client = utf8 */;
CREATE TABLE `Sale_SaleProduct` (
  `Sale_id` int(11) NOT NULL,
  `products_id` int(11) NOT NULL,
  UNIQUE KEY `products_id` (`products_id`),
  KEY `FK1C12EEB0982C873D` (`products_id`),
  KEY `FK1C12EEB0EC9C67B` (`Sale_id`),
  CONSTRAINT `FK1C12EEB0982C873D` FOREIGN KEY (`products_id`) REFERENCES `SaleProduct` (`id`),
  CONSTRAINT `FK1C12EEB0EC9C67B` FOREIGN KEY (`Sale_id`) REFERENCES `Sale` (`id`)
) ENGINE=InnoDB DEFAULT CHARSET=latin1;
/*!40101 SET character_set_client = @saved_cs_client */;

--
-- Dumping data for table `Sale_SaleProduct`
--

LOCK TABLES `Sale_SaleProduct` WRITE;
/*!40000 ALTER TABLE `Sale_SaleProduct` DISABLE KEYS */;
INSERT INTO `Sale_SaleProduct` VALUES (2,2),(2,3),(3,4),(4,5),(5,6),(5,7),(5,8),(5,9),(6,10),(7,11),(8,16),(8,17),(8,18),(9,14),(9,15),(10,21),(10,22),(11,23),(12,27),(13,25),(14,26),(15,28),(16,29),(17,30),(18,31),(19,45),(20,33),(21,34),(22,35),(23,36),(23,37),(24,38),(25,39),(25,40),(26,42),(27,57),(28,47),(29,48),(30,54),(30,55),(31,50),(31,51),(33,60),(34,61),(35,62),(36,63),(37,64),(39,74),(40,67),(41,68),(42,69),(43,88),(44,71),(45,72),(46,73),(47,75),(48,77),(49,78),(50,80),(51,81),(53,85),(54,110),(55,87),(56,89),(57,90),(58,91),(60,94),(61,95),(62,96),(63,97),(64,113),(65,99),(67,112),(68,107),(69,108),(70,109),(71,111),(72,115),(73,116),(74,117),(75,118),(77,120),(78,121),(79,122),(80,123),(81,124),(82,125),(83,127),(84,128),(85,129),(86,130),(87,131),(88,136),(89,133),(90,135),(91,137),(92,138),(93,139),(94,140),(95,141),(96,159),(99,146),(100,147),(100,148),(101,165),(102,150),(103,151),(104,152),(105,153),(106,154),(107,155),(108,161),(109,157),(110,158),(111,162),(112,163),(113,164),(114,172),(115,168),(116,169),(118,171),(119,173),(120,174),(121,181),(121,182),(121,183),(122,177),(123,184),(124,185),(126,191),(127,193),(128,189),(129,190),(130,192),(131,194),(132,195),(133,196),(134,197),(134,198),(135,201),(136,202),(138,230),(140,208),(141,209),(142,218),(142,219),(143,213),(144,214),(145,215),(146,216),(147,223),(147,224),(148,222),(149,227),(149,228),(149,229),(150,231),(151,234),(152,233),(153,235),(154,236),(155,237),(156,263),(157,264),(159,265),(161,267),(163,247),(165,287),(166,250),(167,257),(168,258),(169,260),(170,261),(171,262),(172,259),(173,270),(174,271),(174,272),(175,273),(176,293),(177,275),(178,276),(178,277),(179,280),(180,279),(181,281),(182,282),(183,283),(184,284),(185,285),(186,286),(188,289),(189,298),(192,294),(193,295),(201,309),(201,310),(202,311),(203,312),(204,321),(204,322),(205,317),(205,318),(206,319),(206,320),(207,327),(208,358),(208,359),(209,329),(210,342),(211,331),(212,334),(213,336),(214,370),(215,338),(216,339),(217,340),(217,341),(218,365),(219,344),(220,345),(221,346),(222,356),(223,348),(224,349),(224,350),(225,357),(226,352),(227,353),(228,354),(229,361),(230,360),(231,372),(231,373),(232,363),(233,364),(234,366),(235,367),(236,368),(237,369),(238,371),(239,374),(240,375),(241,378),(242,377),(243,380),(244,393),(244,394),(245,390),(246,395),(247,397),(248,398),(248,399),(249,400),(249,401),(250,402),(251,406),(251,407),(252,405),(253,408),(253,409),(254,410),(255,432),(256,414),(257,413),(258,415),(259,416),(260,417),(261,418),(262,419),(263,426),(264,421),(265,424),(265,425),(266,435),(266,436),(267,428),(268,434),(269,433),(270,439),(271,440),(272,441),(273,442),(273,443),(274,444),(275,445);
/*!40000 ALTER TABLE `Sale_SaleProduct` ENABLE KEYS */;
UNLOCK TABLES;

--
-- Table structure for table `Store`
--

DROP TABLE IF EXISTS `Store`;
/*!40101 SET @saved_cs_client     = @@character_set_client */;
/*!40101 SET character_set_client = utf8 */;
CREATE TABLE `Store` (
  `id` int(11) NOT NULL AUTO_INCREMENT,
  `address` varchar(255) DEFAULT NULL,
  `cellphone` varchar(255) DEFAULT NULL,
  `name` varchar(255) DEFAULT NULL,
  `telephone` varchar(255) DEFAULT NULL,
  `deleted` bit(1) DEFAULT NULL,
  PRIMARY KEY (`id`)
) ENGINE=InnoDB AUTO_INCREMENT=22 DEFAULT CHARSET=latin1;
/*!40101 SET character_set_client = @saved_cs_client */;

--
-- Dumping data for table `Store`
--

LOCK TABLES `Store` WRITE;
/*!40000 ALTER TABLE `Store` DISABLE KEYS */;
INSERT INTO `Store` VALUES (1,'','','El puente','',NULL),(2,'','','El surtidor','',NULL),(3,'','','el quintal','',NULL),(4,'','','Carrefour','',NULL),(5,'','','Granja La Capilla','',NULL),(6,'','','verduleria','',NULL),(7,'','','Dietetica','',NULL),(8,'','','El vazquito','',NULL),(9,'','','electrodomesticos','',NULL),(10,'','','coreanito','',NULL),(11,'','','Jimenez','',NULL),(12,'','','floreria carlitos','',NULL),(13,'','','Carlitos gas','',NULL),(14,'','','Poliplastic','',NULL),(15,'','','Frash strawberrys','',NULL),(16,'','','Carniceria diego','',NULL),(17,'','','Service amoedo','',NULL),(18,'','','Bazarchef','',NULL),(19,'','','Cotillon','',NULL),(20,'','','Feria','',NULL),(21,'','','Mariela Leocata','',NULL);
/*!40000 ALTER TABLE `Store` ENABLE KEYS */;
UNLOCK TABLES;

--
-- Table structure for table `user`
--

DROP TABLE IF EXISTS `user`;
/*!40101 SET @saved_cs_client     = @@character_set_client */;
/*!40101 SET character_set_client = utf8 */;
CREATE TABLE `user` (
  `id` bigint(20) NOT NULL AUTO_INCREMENT,
  `password` varchar(255) DEFAULT NULL,
  `username` varchar(255) DEFAULT NULL,
  PRIMARY KEY (`id`),
  UNIQUE KEY `username` (`username`)
) ENGINE=InnoDB AUTO_INCREMENT=3 DEFAULT CHARSET=utf8;
/*!40101 SET character_set_client = @saved_cs_client */;

--
-- Dumping data for table `user`
--

LOCK TABLES `user` WRITE;
/*!40000 ALTER TABLE `user` DISABLE KEYS */;
INSERT INTO `user` VALUES (1,'f3621b5eaad190f874be44abcc36bc9','rzacarias'),(2,'ae697757aa699dc6b65372b705ba','fvalenzuela');
/*!40000 ALTER TABLE `user` ENABLE KEYS */;
UNLOCK TABLES;
/*!40103 SET TIME_ZONE=@OLD_TIME_ZONE */;

/*!40101 SET SQL_MODE=@OLD_SQL_MODE */;
/*!40014 SET FOREIGN_KEY_CHECKS=@OLD_FOREIGN_KEY_CHECKS */;
/*!40014 SET UNIQUE_CHECKS=@OLD_UNIQUE_CHECKS */;
/*!40101 SET CHARACTER_SET_CLIENT=@OLD_CHARACTER_SET_CLIENT */;
/*!40101 SET CHARACTER_SET_RESULTS=@OLD_CHARACTER_SET_RESULTS */;
/*!40101 SET COLLATION_CONNECTION=@OLD_COLLATION_CONNECTION */;
/*!40111 SET SQL_NOTES=@OLD_SQL_NOTES */;

-- Dump completed on 2018-05-24 13:46:32
